"Variable",%Val_Perdidos,Dist,Tipo,Atipicos,Categorica?
"eventid",0,Asimetrica,Discreta,-,-
"iyear",0,Asimetrica,Continua,-,+
"imonth",0,Uniforme,Continua,-,+
"iday",0,Uniforme,Continua,-,+
"approxdate",94.9149930376298,-,Nominal,-,-
"extended",0,Asimetrica,Ordinal,-,+
"resolution",98.7781453126462,-,Ordinal,-,-
"country",0,Multimodal,Ordinal,1004,+
"country_txt",0,Multimodal,Nominal,South Sudan,-
"region",0,Multimodal,Ordinal,-,+
"region_txt",0,Multimodal,Nominal,-,-
"provstate",0.23171208260178,Multimodal,Nominal,-,-
"city",0.238867087527726,Multimodal,Nominal,-,-
"latitude",2.50755403404682,Multimodal,Continua,-53.15461,-
"longitude",2.50810441904112,Multimodal,Continua,-86185896,-
"specificity",0.00330230996582109,Asimetrica,Nominal,5,+
"vicinity",0,Normal,Nominal,-9,+
"location",69.4563847411264,-,Nominal,-,-
"summary",36.3964092882972,-,Nominal,-,-
"crit1",0,Asimetrica,Ordinal,0,+
"crit2",0,Asimetrica,Ordinal,0,+
"crit3",0,Asimetrica,Ordinal,0,+
"doubtterr",0.000550384994303515,Normal,Ordinal,-9,+
"alternative",84.0327809302607,-,Ordinal,5,-
"alternative_txt",84.0327809302607,-,Nominal,-,-
"multiple",0.000550384994303515,Asimetrica,Ordinal,1,+
"success",0,Asimetrica,Ordinal,0,+
"suicide",0,Asimetrica,Ordinal,1,+
"attacktype1",0,Multimodal,Ordinal,9,+
"attacktype1_txt",0,Multimodal,Nominal,Unknown,+
"attacktype2",96.5248691459676,-,Ordinal,-,-
"attacktype2_txt",96.5248691459676,-,Nominal,-,-
"attacktype3",99.7644352224381,-,Ordinal,-,-
"attacktype3_txt",99.7644352224381,-,Nominal,-,-
"targtype1",0,Multimodal,Ordinal,22,+
"targtype1_txt",0,Multimodal,Nominal,Violent Political Party,+
"targsubtype1",5.70914354591036,Multimodal,Ordinal,113,+
"targsubtype1_txt",5.70914354591036,Multimodal,Nominal,Alleged Informant,+
"corp1",23.4166799676374,Multimodal,Nominal,-,-
"target1",0.348944086388429,Multimodal,Nominal,-,-
"natlty1",0.85805020611918,Multimodal,Ordinal,1004,+
"natlty1_txt",0.85805020611918,Multimodal,Nominal,South Sudan,+
"targtype2",93.8665096234816,-,Ordinal,-,-
"targtype2_txt",93.8665096234816,-,Nominal,-,-
"targsubtype2",94.1191363358669,-,Ordinal,-,-
"targsubtype2_txt",94.1191363358669,-,Nominal,-,-
"corp2",94.4317550126313,-,Nominal,-,-
"target2",93.9347573627753,-,Nominal,-,-
"natlty2",94.0404312816815,-,Ordinal,-,-
"natlty2_txt",94.0404312816815,-,Nominal,-,-
"targtype3",99.3527472466991,-,Ordinal,-,-
"targtype3_txt",99.3527472466991,-,Nominal,-,-
"targsubtype3",99.396227661249,-,Ordinal,-,-
"targsubtype3_txt",99.396227661249,-,Nominal,-,-
"corp3",99.4353049958446,-,Nominal,-,-
"target3",99.3532976316934,-,Nominal,-,-
"natlty3",99.3687084115339,-,Ordinal,-,-
"natlty3_txt",99.3687084115339,-,Nominal,-,-
"gname",0,Multimodal,Nominal,-,+
"gsubname",96.7582323835523,-,Nominal,-,-
"gname2",98.892075006467,-,Nominal,-,-
"gsubname2",99.9119384009114,-,Nominal,-,-
"gname3",99.8216752618457,-,Nominal,-,-
"gsubname3",99.9889923001139,-,Nominal,-,-
"motive",72.17198430302,-,Nominal,-,-
"guncertain1",0.209146297835336,Asimetrica,Ordinal,1,+
"guncertain2",98.9239973361366,-,Ordinal,-,-
"guncertain3",99.8238768018229,-,Ordinal,-,-
"individual",0,Asimetrica,Ordinal,1,+
"nperps",39.1406288698945,-,Ordinal,25000,-
"nperpcap",38.245702869157,-,Ordinal,406,-
"claimed",36.3914558233484,Normal,Ordinal,-9,-
"claimmode",89.497003153706,-,Ordinal,-,-
"claimmode_txt",89.497003153706,-,Nominal,-,-
"claim2",98.9597723607664,-,Ordinal,-,-
"claimmode2",99.660962843509,-,Ordinal,-,-
"claimmode2_txt",99.660962843509,-,Nominal,-,-
"claim3",99.8249775718115,-,Ordinal,-,-
"claimmode3",99.9267987957576,-,Ordinal,-,-
"claimmode3_txt",99.9267987957576,-,Nominal,-,-
"compclaim",97.3366870125653,-,Ordinal,-,-
"weaptype1",0,Normal,Ordinal,13,+
"weaptype1_txt",0,Asimetrica,Nominal,-,+
"weapsubtype1",11.4303955616954,Multimodal,Ordinal,-,+
"weapsubtype1_txt",11.4303955616954,Asimetrica,Nominal,Unknown,+
"weaptype2",92.7750961797777,-,Ordinal,-,-
"weaptype2_txt",92.7750961797777,-,Nominal,-,-
"weapsubtype2",93.6474563957488,-,Ordinal,-,-
"weapsubtype2_txt",93.6474563957488,-,Nominal,-,-
"weaptype3",98.9746327556125,-,Ordinal,-,-
"weaptype3_txt",98.9746327556125,-,Nominal,-,-
"weapsubtype3",99.0681982046441,-,Ordinal,-,-
"weapsubtype3_txt",99.0681982046441,-,Nominal,-,-
"weaptype4",99.9598218954158,-,Ordinal,-,-
"weaptype4_txt",99.9598218954158,-,Nominal,-,-
"weapsubtype4",99.9614730503988,-,Ordinal,-,-
"weapsubtype4_txt",99.9614730503988,-,Nominal,-,-
"weapdetail",37.2445525645189,Asimetrica,Nominal,-,-
"nkill",5.67612044625215,Asimetrica,Discreta,1570,-
"nkillus",35.4701113428843,Asimetrica,Discreta,1360,-
"nkillter",36.8526784485748,Asimetrica,Discreta,500,-
"nwound",8.97732964208464,Asimetrica,Discreta,8191,-
"nwoundus",35.6110099014261,Asimetrica,Discreta,751,-
"nwoundte",38.055269661128,Asimetrica,Discreta,200,-
"property",0,Asimetrica,Ordinal,-9,+
"propextent",64.7395853399453,-,Ordinal,2,-
"propextent_txt",64.7395853399453,-,Nominal,Major (likely >= $1 million but < $1 billion),-
"propvalue",78.5410394571002,-,Continua,2.70b,-
"propcomment",68.1002361151626,-,Nominal,-,-
"ishostkid",0.0979685289860257,Normal,Ordinal,-9,+
"nhostkid",92.5301748573127,-,Discreta,-,-
"nhostkidus",92.5604460319994,-,Discreta,-,-
"nhours",97.7637857681448,-,Discreta,-,-
"ndays",95.5286723062782,-,Discreta,-,-
"divert",99.8216752618457,-,Nominal,-,-
"kidhijcountry",98.1809775938269,-,Nominal,-,-
"ransom",57.4106587557997,Normal,Ordinal,-,-
"ransomamt",99.2569802576903,-,Continua,-,-
"ransomamtus",99.6901332482071,-,Ordinal,-,-
"ransompaid",99.5740020144091,-,Continua,-,-
"ransompaidus",99.6961874831445,-,Ordinal,-,-
"ransomnote",99.717102112928,-,Nominal,-,-
"hostkidoutcome",93.9507185276101,-,Ordinal,-,-
"hostkidoutcome_txt",93.9507185276101,-,Nominal,-,-
"nreleased",94.2759960592434,-,Discreta,-,-
"addnotes",84.4301588961479,-,Nominal,-,-
"scite1",36.430533157944,-,Nominal,-,-
"scite2",57.6572312332476,-,Nominal,-,-
"scite3",76.0494465878882,-,Nominal,-,-
"dbsource",0,Asimetrica,Nominal,-,-
"INT_LOG",0,Asimetrica,Ordinal,-,+
"INT_IDEO",0,Asimetrica,Ordinal,-,+
"INT_MISC",0,Normal,Ordinal,-,+
"INT_ANY",0,Asimetrica,Ordinal,-,+
"related",86.2194605126286,-,Nominal,-,-
